{"labels_3d": [0], "scores_3d": [0.9255720973014832], "bboxes_3d": [[38.50318145751953, 0.27783265709877014, 0.46321022510528564, 4.807911396026611, 1.8755077123641968, 1.2150452136993408, 0.027989745140075684]], "box_type_3d": "LiDAR"}