{"labels_3d": [0], "scores_3d": [0.9279776215553284], "bboxes_3d": [[40.53466796875, -0.6821839213371277, 0.47945278882980347, 4.819773197174072, 1.8793652057647705, 1.2127844095230103, 0.01265263557434082]], "box_type_3d": "LiDAR"}