{"labels_3d": [0], "scores_3d": [0.9432606101036072], "bboxes_3d": [[39.35016632080078, 0.17647673189640045, 0.4314243197441101, 4.775392055511475, 1.8596630096435547, 1.1957489252090454, 0.1486908197402954]], "box_type_3d": "LiDAR"}