{"labels_3d": [0], "scores_3d": [0.924365758895874], "bboxes_3d": [[38.97159194946289, 0.44305962324142456, 0.4684826135635376, 4.80681848526001, 1.8733068704605103, 1.2071855068206787, 0.15700531005859375]], "box_type_3d": "LiDAR"}