{
	"class_name" : "PinholeCameraParameters",
	"extrinsic" : 
	[
		-0.97507018491723751,
		0.072427982037563163,
		-0.20974346689093978,
		0.0,
		0.21426980394724529,
		0.061638378662739128,
		-0.97482775985926762,
		0.0,
		-0.057676560246545529,
		-0.99546717559836972,
		-0.075620874792158996,
		0.0,
		-7.9031331888440706,
		-0.3415160473562513,
		11.324129986501744,
		1.0
	],
	"intrinsic" : 
	{
		"height" : 1016,
		"intrinsic_matrix" : 
		[
			879.88181024498977,
			0.0,
			0.0,
			0.0,
			879.88181024498977,
			0.0,
			924.5,
			507.5,
			1.0
		],
		"width" : 1850
	},
	"version_major" : 1,
	"version_minor" : 0
}